,Latitude,Longitude,City Name,Country,Temperature (F),Humidity %,Cloudiness %,Wind Speed
0,76.28238765611931,-65.18726855565707,narsaq,gl,41.0,65.0,32.0,1.12
1,13.350155417336964,-136.83307269518048,hilo,us,77.74,67.0,20.0,11.41
2,48.991457210244846,58.72078142021897,emba,kz,72.75,68.0,0.0,8.05
3,46.45916944316076,90.4883804010384,altay,cn,40.48,83.0,0.0,2.13
4,-50.54434657428995,143.61878489512162,new norfolk,au,62.6,55.0,20.0,12.75
5,-46.653212192800865,-59.22577710194966,rawson,ar,46.69,79.0,12.0,12.41
6,63.91349600963028,-143.44615613138512,fairbanks,us,53.78,58.0,1.0,3.13
7,-77.45760281284672,-1.8920622605114374,hermanus,za,35.35,98.0,0.0,3.58
8,-0.5331665095915668,93.48758960970429,meulaboh,id,79.45,100.0,68.0,1.9
9,-85.2890076324564,52.04446138391796,port alfred,za,53.26,100.0,0.0,4.36
10,-20.076235029456925,-166.8849436429818,alofi,nu,77.0,73.0,92.0,10.29
11,-37.36935636030919,-173.99875087969036,vaini,to,70.54,94.0,56.0,1.45
12,74.94738251517435,-156.65368719541223,barrow,us,47.86,70.0,92.0,9.4
13,59.81318843083662,-69.45174148420207,iqaluit,ca,41.0,75.0,75.0,4.7
14,28.632682901588225,-105.63759603656838,meoqui,mx,78.8,41.0,20.0,3.36
15,58.561508169887276,156.82608011716218,tigil,ru,61.27,82.0,8.0,4.92
16,-34.47730202795501,119.8887593420327,esperance,au,80.6,94.0,20.0,4.03
17,78.89334410333737,-170.57821567516802,lavrentiya,ru,49.66,97.0,20.0,4.7
18,7.634063887802853,-81.6404380431865,los algarrobos,pa,89.6,33.0,40.0,6.93
19,-65.07319096035346,85.54267031232104,busselton,au,62.89,93.0,92.0,24.49
21,9.212814534669732,-139.04961352239394,atuona,pf,79.18,100.0,36.0,14.88
24,34.30109674052147,43.494205909746455,tikrit,iq,66.67,42.0,0.0,2.57
25,-47.945716081378,73.45712345407907,souillac,mu,61.79,87.0,0.0,6.93
26,-4.05199879034879,-157.59390984412929,faanui,pf,78.01,100.0,32.0,7.38
27,-31.66543148559598,-152.63210308778082,mataura,pf,50.29,92.0,92.0,5.03
29,82.24366070569718,-39.18751011370483,tasiilaq,gl,41.0,86.0,92.0,6.93
31,75.13501055573366,23.669310940179003,havoysund,no,48.2,87.0,0.0,5.82
32,-78.80879817563823,-116.32310673693348,punta arenas,cl,41.0,84.0,0.0,8.05
33,-66.18629746979195,118.32661735626874,albany,au,53.67,69.0,90.0,4.7
34,52.924857218084014,-53.94169505310853,saint anthony,ca,74.28,3.0,1.0,11.41
35,46.8472653448855,-115.08066034295392,orchard homes,us,77.0,19.0,1.0,13.87
36,-8.33030616035451,-84.72591281660527,sechura,pe,66.67,84.0,0.0,10.4
37,-35.728549562640026,12.390995658447991,saldanha,za,58.39,90.0,0.0,5.93
38,-32.54561496623977,65.9847115056736,mahebourg,mu,69.8,68.0,20.0,11.41
42,66.25348292054474,18.78160042036569,kiruna,se,51.8,100.0,92.0,4.7
43,-72.62517466176018,52.825996867003994,east london,za,59.2,100.0,20.0,11.07
45,-74.6300062646164,-140.22369357743935,rikitea,pf,73.24,100.0,92.0,13.42
46,-5.674379694611616,-6.807530829320598,georgetown,sh,75.2,100.0,0.0,2.24
47,-27.791038157213798,-45.96709127478198,florianopolis,br,60.8,93.0,0.0,2.91
48,-3.972161585757462,-103.5486250221531,puerto ayora,ec,73.4,69.0,20.0,16.11
49,72.81792108026724,82.58212172708659,dikson,ru,36.07,100.0,76.0,7.72
52,78.27280908547075,-81.0137868348563,qaanaaq,gl,26.89,100.0,8.0,6.26
54,34.108706875563186,-73.83096937317919,havelock,us,77.95,100.0,1.0,3.36
55,-32.18254657765559,-49.599204948563425,cidreira,br,60.55,94.0,80.0,15.21
56,55.93744447354973,34.497980490427295,sychevka,ru,52.81,96.0,0.0,9.73
60,55.949347863418325,94.42451580737048,uyar,ru,53.08,89.0,92.0,9.73
61,68.55254044193089,177.74992025366794,leningradskiy,ru,53.8,66.0,36.0,6.15
62,-15.977831070972556,-67.35064995163904,caranavi,bo,65.86,67.0,0.0,2.35
65,12.332981153134668,73.56513105572412,ullal,in,73.4,94.0,20.0,3.36
67,-17.30911728972744,44.856660875956294,tsiroanomandidy,mg,53.08,84.0,0.0,5.48
69,-55.398735717061705,-62.42672835255152,ushuaia,ar,48.2,36.0,0.0,17.22
72,-79.74081399657575,19.44015396820356,bredasdorp,za,41.0,86.0,0.0,1.12
73,15.919708841575343,-1.8513148810700386,douentza,ml,70.36,97.0,20.0,2.8
74,-67.83740987218886,-12.999698468063201,cape town,za,41.0,93.0,0.0,1.12
76,-31.456080858459067,-63.49570933840907,cordoba,ar,47.86,78.0,8.0,1.9
77,54.68455444748497,140.98231608656732,mnogovershinnyy,ru,44.53,64.0,68.0,9.17
78,64.02169641030267,-16.36988264288837,hofn,is,49.21,96.0,92.0,6.04
80,77.06086323245307,31.208686571730283,berlevag,no,39.49,100.0,0.0,5.59
81,1.3438845242453112,-46.96901973192311,salinopolis,br,79.63,100.0,8.0,11.18
82,87.49834208848819,-104.28352472170114,yellowknife,ca,44.6,65.0,40.0,6.93
84,89.97176778098387,118.69577948985102,saskylakh,ru,37.06,87.0,36.0,5.14
85,-10.648295152211361,80.77510073504646,hithadhoo,mv,83.68,100.0,68.0,10.63
86,21.83849372098237,147.33815563571358,katsuura,jp,71.53,94.0,75.0,8.05
87,13.240215525343118,15.183411258428862,massakory,td,74.23,90.0,20.0,7.61
88,7.229279198683429,175.63632640611098,butaritari,ki,80.26,100.0,88.0,13.98
89,77.39798217830489,-138.38852438030318,tuktoyaktuk,ca,35.6,93.0,90.0,16.11
90,48.19878235908527,-150.1696210093329,kodiak,us,69.08,75.0,1.0,3.36
91,-31.023441902924596,177.01949083708877,russell,nz,62.6,63.0,0.0,3.36
93,-21.735566162003565,13.82206501020599,henties bay,na,54.25,95.0,0.0,2.13
94,-60.65125946400529,160.2101400464133,bluff,nz,79.27,20.0,0.0,13.31
95,36.353037421669725,-163.02235983935174,kapaa,us,83.68,82.0,40.0,13.87
99,-17.497515006721628,-90.28587631111793,hualmay,pe,53.53,93.0,32.0,4.14
103,-33.57678335181993,136.12517805320186,port lincoln,au,67.75,68.0,0.0,17.0
105,26.971756728551412,114.86744854503223,jian,cn,78.28,100.0,92.0,7.38
106,57.086031046590165,23.529664104703528,jurmala,lv,51.8,100.0,40.0,4.7
107,-24.07311702379819,145.4871921173758,emerald,au,79.18,21.0,0.0,12.75
108,32.06199039943672,53.25890993453618,meybod,ir,75.2,15.0,0.0,4.7
109,-1.6105806459741814,47.98646252632375,mogadishu,so,76.93,100.0,88.0,8.16
113,-66.68599588860948,179.5446934362538,kaitangata,nz,50.38,87.0,92.0,5.59
117,53.877731262891814,-98.39456125362281,thompson,ca,48.2,93.0,90.0,14.99
118,12.699019509916681,-36.22363449172997,sao filipe,cv,76.39,99.0,92.0,26.4
119,-46.711584062371365,-94.80312267729794,castro,cl,35.53,97.0,12.0,1.12
120,28.017065185746418,-124.30263922364205,lompoc,us,67.17,56.0,1.0,9.17
121,23.963282230242285,88.94852105511518,bheramara,bd,85.03,82.0,44.0,9.62
122,35.53701541207454,-57.877331668215234,saint george,bm,66.2,63.0,20.0,3.36
123,85.79332388100022,38.571232431054824,vardo,no,56.14,83.0,90.0,11.41
124,27.707939190450745,20.642929963885024,awjilah,ly,73.69,52.0,0.0,7.94
127,84.71233146581073,168.30437078888536,pevek,ru,58.12,66.0,0.0,10.18
128,65.11330396008108,-18.897674242697377,dalvik,is,55.4,87.0,68.0,6.93
133,-19.685592344919257,177.58164116425883,isangel,vu,72.25,100.0,8.0,5.7
138,73.15227701991668,39.71201107525076,ostrovnoy,ru,43.0,93.0,12.0,10.96
139,42.120987402867684,97.85338152387607,yumen,cn,68.56,34.0,0.0,11.86
140,-52.05526896355123,154.3417727262006,hobart,au,62.6,55.0,20.0,12.75
141,29.872912059536205,-26.561331881221463,ponta delgada,pt,73.4,88.0,20.0,3.36
143,-45.2374100638166,168.58339020711804,clyde,nz,43.54,83.0,92.0,2.68
144,52.64216013819296,106.27342717030069,istok,ru,58.57,81.0,48.0,6.49
145,45.359595978327945,31.768313566191466,bekhtery,ua,60.01,100.0,36.0,7.72
146,42.04825437480412,130.52847520340953,khasan,ru,66.49,89.0,0.0,4.25
149,7.602592166027151,21.72844344787552,ouadda,cf,65.86,98.0,64.0,3.36
151,-25.448153127546504,-3.9109465664100185,jamestown,sh,73.15,31.0,0.0,11.52
152,-27.936039326436727,-29.91657976762545,sao joao da barra,br,71.08,100.0,0.0,11.3
153,35.52675998984235,-42.230340538728456,ribeira grande,pt,74.5,98.0,92.0,5.93
154,8.364185386511167,-23.226249104948863,praia,cv,66.2,52.0,0.0,10.29
163,25.064976489025895,114.95022255023184,xiongzhou,cn,75.2,60.0,0.0,8.95
166,-22.828586679832867,44.84850254867496,sakaraha,mg,58.93,83.0,48.0,3.91
167,69.81041193599225,-83.26221808864094,clyde river,ca,37.4,100.0,90.0,3.36
168,-28.917360190167628,130.9837496961498,yulara,au,71.6,10.0,0.0,14.99
169,-14.483648428179208,52.87136214162439,antalaha,mg,69.19,94.0,92.0,5.03
172,40.32977194754062,-106.89936128596119,steamboat springs,us,73.8,3.0,1.0,5.82
173,-5.045449854985193,-65.79989904891005,carauari,br,77.47,88.0,8.0,3.36
175,59.02930439947551,68.55016273477807,uvat,ru,42.01,67.0,88.0,12.19
176,60.99399026670906,129.22464407182883,pokrovsk,ru,60.91,98.0,12.0,7.61
177,-79.2894034463568,32.33367929522558,port elizabeth,za,61.21,92.0,90.0,17.22
180,47.78256490739443,6.836816657095085,belfort,fr,51.33,76.0,0.0,1.12
182,42.47961573643545,178.26532623931877,nikolskoye,ru,48.2,100.0,40.0,4.47
184,55.934965133774995,71.10912410615418,krutinka,ru,44.26,88.0,36.0,15.32
188,-31.277527267185356,55.26119813845568,saint-joseph,re,66.13,82.0,0.0,3.36
189,66.88392275502488,-138.64029382777062,aklavik,ca,44.6,87.0,90.0,12.75
191,-0.7422947861758473,123.90966182138396,luwuk,id,80.53,88.0,64.0,6.26
192,6.903812970740532,121.75772025391672,talisayan,ph,84.2,100.0,40.0,8.05
197,-31.7980229668067,-101.21217826652934,lebu,cl,51.37,75.0,44.0,3.36
198,28.066954451761234,-137.60552825655301,half moon bay,us,73.58,77.0,1.0,12.75
199,50.89969048589833,90.9171870452164,kyzyl-mazhalyk,ru,45.97,81.0,20.0,3.36
202,6.8324202282985596,-87.25069065400037,nicoya,cr,77.0,94.0,75.0,5.82
203,37.50890074856048,-90.70477362963277,farmington,us,77.61,2.0,1.0,9.17
205,50.67706863772236,-115.28894166125713,canmore,ca,55.4,62.0,90.0,9.17
207,16.939473144172197,-119.77319138804857,constitucion,mx,62.6,88.0,90.0,5.82
208,83.11376175307632,-46.474880933944604,upernavik,gl,38.05,100.0,88.0,10.4
211,-28.737710581368617,-162.63492766496745,avarua,ck,84.2,66.0,20.0,4.7
213,-7.647517125750994,-44.338792854248766,urucui,br,80.89,37.0,48.0,9.95
214,68.90789150541852,23.158743726061573,kautokeino,no,45.16,96.0,44.0,5.14
217,-36.83462981479338,24.494105639259487,kruisfontein,za,48.58,100.0,0.0,5.93
218,56.30903480209113,-117.57681942323558,grimshaw,ca,42.8,87.0,75.0,11.41
219,-42.29635171649262,-22.029084643842594,arraial do cabo,br,67.3,99.0,0.0,9.62
227,71.46993511497112,44.79539901742359,kamenka,ru,57.31,51.0,80.0,4.25
228,7.605595587853273,-121.20322293566963,cabo san lucas,mx,78.8,88.0,90.0,6.93
229,54.21037764621852,-78.2267435231485,moose factory,ca,59.0,51.0,90.0,12.75
233,25.707025690984892,-35.70787414229909,ponta do sol,cv,55.87,65.0,0.0,5.37
234,5.091163309155718,9.201095812899865,kumba,cm,63.43,97.0,56.0,1.68
236,-11.658720924943054,64.49393534362241,grand gaube,mu,69.8,68.0,20.0,11.41
239,-16.267276904469767,-49.99099757357689,anicuns,br,69.1,36.0,0.0,10.96
240,75.88390340913165,150.35463003236794,chokurdakh,ru,58.84,68.0,24.0,12.41
241,-29.31332036578865,82.56864997348049,bambous virieux,mu,69.8,68.0,20.0,11.41
242,-9.430387926672196,138.4860066206394,merauke,id,86.11,66.0,24.0,15.21
243,72.38093260440061,-148.8851549936244,college,us,53.98,54.0,1.0,3.36
244,-61.41402093223378,-25.03255909038532,chuy,uy,53.53,91.0,0.0,12.41
245,2.3409809039185348,139.00123198219455,biak,id,80.53,88.0,64.0,6.26
248,-5.210514703393869,-82.0225583120777,paita,pe,65.86,82.0,0.0,5.7
250,22.061233499326576,11.17996377010769,gat,ly,73.4,100.0,90.0,6.93
251,64.92857763062824,-4.6901757125114045,klaksvik,fo,50.0,100.0,76.0,1.12
255,46.037366380191855,-161.96910651983035,bethel,us,57.92,64.0,1.0,11.41
256,32.54896128772437,124.14922203000845,huilong,cn,71.08,59.0,100.0,4.47
258,79.11243752953766,-43.431015769017534,ilulissat,gl,37.4,86.0,92.0,5.82
259,71.02632687855359,129.07870988092077,tiksi,ru,36.16,100.0,92.0,18.01
265,36.598574681767346,-23.451809156509057,vila franca do campo,pt,73.4,88.0,20.0,1.12
267,-20.66837306468763,127.86450487197891,kununurra,au,91.4,26.0,0.0,18.34
272,-4.367820415256318,58.49606804332197,victoria,sc,83.34,94.0,75.0,1.12
275,37.65095400510535,-50.71302284081301,torbay,ca,50.0,81.0,75.0,4.7
279,53.21126144740356,159.2760688936462,petropavlovsk-kamchatskiy,ru,59.0,82.0,75.0,4.47
282,-13.672839006904127,-34.49771011722851,conde,br,73.78,86.0,76.0,7.16
284,64.31468764866202,123.79712024633415,kysyl-syr,ru,41.56,63.0,48.0,10.51
286,69.08236071561677,87.70093344939653,kayerkan,ru,37.06,100.0,92.0,8.16
289,49.432613763919534,-40.98098661775413,nanortalik,gl,39.31,100.0,64.0,13.42
292,35.39879644913641,-147.30522418970148,kahului,us,83.62,67.0,40.0,17.22
295,59.91569150415003,97.37193000998036,boguchany,ru,58.57,71.0,0.0,3.47
302,-31.37470386018466,41.01938042602126,beloha,mg,66.04,93.0,44.0,8.95
303,-13.687983528546738,-65.64031639337806,san ramon,bo,68.83,95.0,68.0,1.9
310,75.7984586648447,-118.98834644179368,norman wells,ca,50.0,57.0,75.0,3.36
312,7.329479463644361,36.29816390786863,bonga,et,53.44,99.0,24.0,2.35
317,59.41974479796241,-5.2582040429164465,ullapool,gb,52.63,100.0,92.0,26.06
320,-59.84400221304769,70.67452285306632,saint-philippe,re,51.37,66.0,1.0,5.82
321,-7.244139563592739,130.1721411675651,tual,id,81.34,95.0,0.0,18.45
323,-19.989307421312205,-61.42360433086826,mayor pablo lagerenza,py,78.82,50.0,0.0,11.52
332,-8.10312489413758,6.087665805991691,mayumba,ga,73.24,99.0,80.0,6.15
333,30.238345973640634,-5.983521347814673,marrakesh,ma,68.0,64.0,40.0,4.7
334,-31.063327881113764,97.2154509149583,geraldton,au,51.8,71.0,40.0,9.17
335,42.43938317502608,13.214761910531621,rieti,it,53.08,89.0,8.0,2.46
336,17.164712619454377,-161.28330166730427,nanakuli,us,84.67,69.0,90.0,4.7
337,-52.856122103065665,156.56051890533882,tuatapere,nz,47.68,100.0,92.0,6.26
341,-30.35135924723771,25.317277974453674,colesberg,za,20.5,75.0,0.0,2.8
347,-2.127592200827678,-37.265375934895616,aquiraz,br,78.8,74.0,20.0,14.99
356,26.082798485645043,125.19115278059229,hirara,jp,84.2,79.0,75.0,8.05
357,31.189498831479398,-1.1108159386498926,adrar,dz,96.8,14.0,12.0,11.41
358,6.8739762612474635,-7.188664538097612,duekoue,ci,70.09,99.0,80.0,3.13
359,36.96977865846986,138.6479239573697,tokamachi,jp,65.95,100.0,100.0,2.91
364,78.57462287837001,16.143154166936938,longyearbyen,sj,41.0,86.0,75.0,9.17
366,14.658260358978666,109.28788438567221,quang ngai,vn,81.61,79.0,64.0,3.02
371,2.706335921002051,-11.342363328242612,buchanan,lr,77.0,94.0,40.0,5.26
374,68.33547133298484,-165.66991779065506,nome,us,77.23,87.0,1.0,5.82
377,64.12001211072354,11.339866058336668,malm,no,64.4,55.0,0.0,26.4
379,-22.501266812785772,45.5702430463858,ihosy,mg,52.0,86.0,32.0,2.68
381,20.34644890127852,121.93952596945257,basco,ph,62.65,72.0,1.0,4.7
390,35.86807909087389,-114.87732785194306,boulder city,us,101.08,10.0,1.0,20.8
394,12.654731628931245,-42.441458386757574,cayenne,gf,77.0,100.0,0.0,6.15
397,28.903105042720725,155.6969472989204,hasaki,jp,77.02,100.0,75.0,8.05
398,65.88869259315925,177.51252125074257,anadyr,ru,69.8,64.0,0.0,6.71
403,-12.147748928443349,-171.03025983115418,lufilufi,ws,80.71,100.0,0.0,9.06
404,33.168704834622446,-13.926886436842551,camacha,pt,70.83,73.0,20.0,12.75
413,-9.172030881802769,24.15071039380763,kamina,cd,64.6,100.0,88.0,4.03
418,-17.29994219009575,-72.072544326773,mollendo,pe,51.01,91.0,0.0,2.68
420,16.70023401303756,-70.31229115842252,bani,do,79.63,99.0,80.0,3.02
425,9.380151155101572,86.2133519441698,batticaloa,lk,81.88,96.0,12.0,3.36
426,66.0616626544089,5.199690634311821,bud,no,60.87,76.0,80.0,4.7
436,56.61890054330149,-60.555687103775426,saint-augustin,ca,60.8,93.0,0.0,4.7
437,10.459623467803397,-68.84539873880883,san felipe,ve,62.6,45.0,0.0,3.36
440,-36.422274914205516,129.2581437964285,flinders,au,66.2,42.0,20.0,4.7
443,66.6313115757865,-141.2092040995361,mayo,ca,60.8,31.0,75.0,5.82
444,16.82232515555269,-19.83509992336775,santa maria,cv,64.4,77.0,75.0,12.75
445,-39.47526933322446,-67.88451877507522,general roca,ar,55.4,62.0,0.0,11.41
447,60.279153557113716,68.44630294815497,kondinskoye,ru,41.2,73.0,0.0,9.28
453,28.6906231557781,-70.3986942312333,cockburn town,bs,82.87,99.0,44.0,13.42
455,12.373176691866263,-11.063736967967543,dire,ml,51.37,75.0,44.0,3.36
458,-3.6251750856836935,41.65861536081201,lamu,ke,83.05,74.0,56.0,3.47
459,61.28966596015539,22.499917081283712,kokemaki,fi,56.52,100.0,90.0,4.7
462,9.322319448416081,53.81942168308595,bandarbeyla,so,72.79,81.0,0.0,20.02
463,-30.384680617630423,152.30704210272592,armidale,au,61.99,65.0,0.0,5.26
470,63.07788959703723,114.69293908937266,almaznyy,ru,64.69,44.0,76.0,10.4
472,15.708340702037589,-73.3810013573207,les cayes,ht,83.14,96.0,88.0,9.95
474,-21.125047031047785,136.76607082287256,mount isa,au,80.6,10.0,0.0,12.75
476,-4.097844573161353,117.95633274672889,majene,id,83.86,93.0,32.0,14.65
477,-40.00034144235349,168.66430379039053,westport,nz,55.15,85.0,92.0,16.44
481,-37.48832968578646,-70.72066993552849,coihueco,cl,50.0,81.0,0.0,1.12
482,65.4273632398205,41.78803658934248,lukovetskiy,ru,39.2,100.0,20.0,2.24
486,-26.93229921183361,101.55160035270325,carnarvon,au,20.68,63.0,0.0,3.13
488,-14.15281890115287,57.32954538294436,cap malheureux,mu,69.8,68.0,20.0,11.41
489,-39.23091813564678,-71.19374447835642,villarrica,cl,34.63,83.0,0.0,1.68
491,49.456175628299945,-14.521127890647477,dingle,ie,84.04,89.0,56.0,4.36
493,14.839715979656987,-111.67858276054139,tomatlan,mx,78.82,76.0,32.0,5.59
495,-43.93249779077204,-46.57157984582287,rocha,uy,49.21,91.0,0.0,7.72
496,69.51661685969773,66.70516423912977,kharp,ru,33.01,80.0,0.0,8.5
506,43.552752906122464,19.95017144212798,nova varos,rs,51.8,87.0,0.0,1.12
507,45.98708408636074,-8.436314590328095,naron,es,57.2,100.0,90.0,4.7
511,-42.1701795702504,-55.77476992244695,mar del plata,ar,37.33,98.0,0.0,3.58
518,50.66966320547664,134.7188251828934,berezovyy,ru,53.71,41.0,0.0,8.95
519,9.167494334348959,139.18261456909687,airai,pw,85.39,41.0,0.0,2.68
524,47.96822277511146,151.92763126686367,vostok,ru,54.16,48.0,0.0,2.91
528,35.810934636805456,30.309516006008693,kumluca,tr,44.71,89.0,0.0,1.68
533,46.287533030614156,-124.60716221427762,astoria,us,64.04,77.0,90.0,10.29
534,68.81680581133142,12.268162681260861,sorland,no,56.86,91.0,100.0,11.41
535,24.066220929834728,-22.108500262179916,nouadhibou,mr,75.2,60.0,20.0,16.11
536,62.47285887332055,46.92195245167548,solvychegodsk,ru,37.06,86.0,0.0,4.36
545,-15.732376853072552,115.98631954383546,karratha,au,87.19,32.0,0.0,13.2
548,-16.50873448748648,-48.03244027440968,luziania,br,60.8,55.0,0.0,5.82
549,8.428464235846064,-65.05902182959709,el tigre,ve,71.62,97.0,68.0,4.59
550,-21.378782139547965,167.54101869202356,tadine,nc,72.97,94.0,0.0,8.84
555,67.93562202850006,29.703980877985828,kovdor,ru,39.22,95.0,0.0,3.69
556,-2.093720795893333,31.932532586732208,muleba,tz,66.2,82.0,20.0,4.36
560,47.888260361522896,-74.02202940889792,saint-michel-des-saints,ca,39.4,96.0,0.0,5.26
568,66.13979431170921,111.80113427838421,aykhal,ru,37.51,79.0,8.0,3.69
569,18.47197090570795,3.2339959881918787,kidal,ml,74.5,79.0,48.0,9.4
572,35.10464043577251,57.29024747970962,sabzevar,ir,66.76,27.0,88.0,1.12
575,60.79964012637936,40.49893640008244,konosha,ru,35.71,78.0,0.0,3.58
577,-29.956608467007662,38.360480641064015,richards bay,za,54.61,97.0,48.0,11.52
578,11.702756064275306,-81.63129832768121,san andres,co,83.5,100.0,8.0,11.18
579,-8.894110273900182,-80.30678238859635,santiago de cao,pe,62.6,88.0,90.0,9.17
585,27.474112934640075,-134.69552844687587,pacific grove,us,67.23,40.0,1.0,10.29
587,23.658189198662214,-75.32041635194503,clarence town,bs,66.2,68.0,40.0,12.75
588,8.545793231173775,-42.74734953036699,saint-georges,gf,40.93,73.0,0.0,4.47
590,19.79672788606881,-62.306808359163355,the valley,ai,82.4,74.0,20.0,4.7
592,27.500441162351493,74.2278430570446,ladnun,in,77.38,95.0,92.0,5.93
593,-23.69147442803235,159.20024322777903,poum,nc,46.51,92.0,0.0,1.79
596,2.0488105594958057,-113.69726297075694,san patricio,mx,63.61,76.0,12.0,5.03
598,-3.131917595732247,-39.609640740046046,amontada,br,73.51,81.0,0.0,8.95
599,67.77748338356392,166.9102551941761,bilibino,ru,64.06,43.0,0.0,7.27
602,23.791842854332614,-4.947940565557246,taoudenni,ml,90.88,27.0,88.0,7.38
605,42.318779243154495,145.79461158543643,nemuro,jp,60.8,82.0,75.0,5.82
606,41.160190996442566,76.26325593041418,at-bashi,kg,50.11,51.0,0.0,0.56
607,-0.2414592821638024,-56.139636379338256,oriximina,br,77.47,89.0,0.0,3.13
609,-30.22972300801905,-61.85627545889717,rafaela,ar,66.76,52.0,8.0,12.64
610,15.678904001369318,27.125249262366964,umm kaddadah,sd,71.35,72.0,32.0,2.91
611,-19.90821269917602,22.824837090557992,sehithwa,bw,42.73,60.0,0.0,8.95
613,58.5597228574872,-151.38233248789294,homer,us,57.56,74.0,1.0,10.29
619,64.00399227527225,-156.41704943260203,kenai,us,65.52,49.0,1.0,8.05
622,23.293167994559482,71.02790087566046,halvad,in,76.39,90.0,88.0,9.17
623,22.69945846037089,128.79936910224063,itoman,jp,84.38,79.0,75.0,3.36
624,46.879749159517274,-61.34276423384816,inverness,ca,52.43,93.0,36.0,20.8
633,49.273538152241,39.94339129907175,milove,ua,64.15,43.0,44.0,9.51
634,-18.786301440967634,21.44711672445061,shakawe,bw,44.8,29.0,0.0,8.05
638,9.622841575634013,-38.030454034782366,itarema,br,76.48,82.0,0.0,14.65
651,-24.13813491368964,-69.5353267928614,antofagasta,cl,57.2,71.0,90.0,10.29
653,36.76403794991732,-73.61706495658962,virginia beach,us,74.82,100.0,40.0,7.94
658,52.453353563799595,139.09916774838558,mago,ru,48.58,63.0,44.0,9.73
662,5.627389033122128,-79.98483283660677,la palma,pa,66.04,96.0,0.0,1.9
665,-17.13201344658765,-45.73976985593393,joao pinheiro,br,57.4,51.0,0.0,6.15
667,-13.688948400239482,54.61500112241151,sambava,mg,72.43,100.0,80.0,11.63
669,42.09576790610407,123.93646984014993,tieling,cn,71.53,77.0,0.0,10.4
677,12.3134843787292,5.246554154491605,sokoto,ng,67.48,95.0,0.0,3.02
678,46.73186720769871,-117.41468930935805,pullman,us,75.79,28.0,1.0,3.47
679,22.01554016780007,-98.73706206863612,tamuin,mx,82.51,66.0,36.0,8.39
682,41.42967958741909,7.125549253210778,porto torres,it,73.4,94.0,0.0,3.36
684,60.155389792533924,60.494295053954374,volchansk,ru,38.68,77.0,8.0,3.36
687,59.61107072463912,134.6558379360772,ust-maya,ru,39.85,74.0,88.0,6.82
693,19.488934152341372,37.51788603076719,sawakin,sd,77.56,94.0,76.0,3.02
696,43.53903448099757,129.732740156378,wangqing,cn,63.61,63.0,0.0,3.13
698,35.554697919828016,162.91538738848948,severo-kurilsk,ru,55.51,85.0,0.0,5.03
699,3.7789552649530123,84.18444688637271,hambantota,lk,81.79,92.0,0.0,8.16
701,-38.441391331156616,-3.5371863342510323,luderitz,na,54.16,64.0,0.0,4.59
703,-9.268739527789776,147.1946569662045,port moresby,pg,86.0,58.0,40.0,12.75
705,50.11340886064974,40.133113740726515,verkhniy mamon,ru,67.75,41.0,92.0,9.17
709,-18.891860125258574,-49.80061824647029,capinopolis,br,68.2,44.0,0.0,10.4
721,-27.732266887874502,-84.83291304859608,coquimbo,cl,50.0,93.0,0.0,4.7
725,28.759510377954143,-121.70202623541282,rosarito,mx,75.18,50.0,75.0,2.24
727,61.16792794324843,121.09053764185609,verkhnevilyuysk,ru,42.46,66.0,0.0,8.5
730,27.529972661195345,26.783088259046195,marsa matruh,eg,68.56,91.0,0.0,6.38
737,61.871143323593884,29.21262930384617,savonlinna,fi,46.4,100.0,0.0,3.36
739,43.15396398842796,25.40427671678688,pavlikeni,bg,59.0,100.0,80.0,2.24
740,55.466084401703796,57.16668204539465,karaidel,ru,47.5,96.0,92.0,4.03
742,80.25216900994408,29.290082617807315,mehamn,no,39.58,82.0,0.0,3.58
744,-43.285812919330766,166.9393147213957,te anau,nz,44.98,95.0,80.0,3.58
746,-14.553123952564391,121.96882235817458,broome,au,57.2,82.0,64.0,6.93
747,65.40249189842496,141.9016382191495,ust-nera,ru,41.74,85.0,92.0,3.24
748,-37.41739023298003,-61.44502510604026,olavarria,ar,47.32,98.0,92.0,14.2
750,15.63087456728627,121.0715620652935,pinahan,ph,84.04,82.0,12.0,3.13
756,-15.022968992640884,-67.17364442993323,san borja,bo,70.81,71.0,0.0,0.89
757,-6.919864109806156,110.19169941873753,kendal,id,86.47,53.0,0.0,3.36
758,80.54981549676035,93.81483833278014,khatanga,ru,41.11,78.0,36.0,11.18
759,43.28542335300352,82.22484748956396,yining,cn,75.85,61.0,56.0,3.02
760,4.613835184658782,-101.55078412508878,puerto escondido,mx,84.2,70.0,90.0,3.36
763,38.44788474952597,-71.96387455950847,mastic beach,us,58.6,86.0,75.0,3.36
764,48.83796150100585,-123.8796700408929,lake cowichan,ca,59.0,93.0,75.0,5.82
770,54.153747324689334,-89.92225137884391,sioux lookout,ca,65.46,59.0,75.0,9.17
772,-14.843930856625192,-49.34607900211711,itapaci,br,64.69,48.0,0.0,6.6
776,54.42073045290377,158.50054363963477,milkovo,ru,69.8,52.0,0.0,14.99
777,-5.9425495205072,128.03755456558093,ambon,id,57.2,93.0,0.0,3.36
778,21.533328895467704,13.487709676782117,bilma,ne,73.33,46.0,12.0,2.91
783,30.482789113956386,-139.10973737916254,fortuna,us,72.5,78.0,40.0,3.36
791,13.949272382559599,-130.53720171766196,guerrero negro,mx,75.58,74.0,0.0,6.49
792,53.877170555400255,128.21541406618024,zeya,ru,51.19,54.0,0.0,3.13
796,53.60337734999601,-129.0613279513705,kitimat,ca,55.4,87.0,75.0,6.93
799,-19.76487484239135,143.0240402789177,charters towers,au,75.94,42.0,0.0,9.73
800,52.21112605656242,-70.16123253580342,chute-aux-outardes,ca,44.6,75.0,1.0,6.93
801,9.357980171412848,-89.5710350602026,corinto,ni,58.93,60.0,0.0,4.92
804,-13.934671635945975,-43.864314465898985,carinhanha,br,69.28,59.0,0.0,12.19
813,-9.303022905217901,122.78951675761488,maumere,id,85.57,89.0,0.0,2.46
816,-39.04490186296408,-102.28580841898459,ancud,cl,36.25,79.0,8.0,1.34
819,64.38610412294963,152.19649743126098,seymchan,ru,55.15,59.0,80.0,9.73
821,41.38001063471637,-9.56188577736583,areosa,pt,61.7,100.0,40.0,2.24
824,-11.446228814989922,-64.75705061800916,rodrigues alves,br,80.6,74.0,44.0,3.36
826,-3.2693208423969224,-4.258407327560519,tabou,ci,77.29,100.0,88.0,10.07
829,-19.668428225488086,-147.70999360570147,teahupoo,pf,84.2,58.0,20.0,4.7
838,33.51333583037389,11.947028106053779,zaltan,ly,81.52,91.0,8.0,15.55
841,36.33782530674195,-86.90217643966572,springfield,us,64.04,83.0,90.0,3.36
849,31.064647185690248,131.09875699688956,kushima,jp,76.05,83.0,75.0,1.12
854,18.72687599556116,136.22748639209374,nishihara,jp,81.88,74.0,75.0,10.29
855,58.07785241755411,35.41738222136425,lesnoye,ru,62.26,36.0,92.0,7.94
859,48.278738188377076,-1.9494568204617053,dinan,fr,56.23,93.0,20.0,4.7
860,45.16973352025548,-53.3605657848872,bay roberts,ca,50.0,81.0,75.0,4.7
861,41.81294819707102,111.36346941568837,hohhot,cn,57.2,67.0,20.0,4.47
863,62.329902903298404,87.48097339255082,turukhansk,ru,43.45,100.0,92.0,6.26
867,13.93036328302945,22.79599950550022,adre,td,64.06,97.0,8.0,6.6
869,-10.199832963537148,49.861285141910685,ambilobe,mg,68.83,74.0,0.0,11.3
875,58.50404096422241,179.0858607361011,beringovskiy,ru,59.65,84.0,0.0,3.8
880,19.0700502708456,-53.634991182033374,saint-francois,gp,51.8,87.0,0.0,2.57
883,-38.212365362593715,142.91724642451533,warrnambool,au,59.02,90.0,0.0,7.72
885,27.6993626083336,-74.29390337647465,marsh harbour,bs,82.33,100.0,68.0,4.81
886,18.983609631311268,75.3795848347551,pathardi,in,73.69,73.0,8.0,3.91
889,-26.830698530149093,-67.8231676787885,diego de almagro,cl,53.62,80.0,0.0,2.46
890,8.803977907866056,14.942718428315487,beinamar,td,68.83,98.0,80.0,4.36
896,39.92756982232274,114.91286740722609,xuanhua,cn,67.03,53.0,36.0,5.14
897,40.537884058990386,-14.756217129155004,peniche,pt,62.6,82.0,0.0,14.99
899,44.81422038143589,-107.89009280727484,worland,us,77.29,33.0,1.0,4.7
900,63.99701762461922,-102.69895762776922,flin flon,ca,56.41,88.0,92.0,7.61
901,-18.38887294367666,30.931765004612373,chitungwiza,zw,46.33,82.0,0.0,9.4
903,2.795682400340084,-65.5333840612477,inirida,co,74.23,93.0,56.0,1.9
905,4.623580326834443,156.6886431368173,kavieng,pg,80.98,100.0,76.0,12.41
910,65.45447033408365,131.84809779207512,verkhoyansk,ru,38.41,100.0,92.0,7.72
918,-25.310027264721242,171.69824451034157,vao,nc,56.5,97.0,88.0,1.12
919,76.33645055740382,91.07728604240577,talnakh,ru,36.88,100.0,92.0,4.36
925,3.9642086869525315,144.74055398898844,lorengau,pg,79.18,100.0,92.0,11.74
926,-40.282009941155565,179.54229925198376,gisborne,nz,54.25,66.0,12.0,8.28
927,5.935148637067982,-75.47772377305726,montebello,co,81.45,48.0,1.0,11.41
929,40.44993749196587,-75.08961669478047,phillipsburg,us,69.08,73.0,1.0,5.82
931,54.16723767216527,24.562198766095264,varena,lt,55.4,93.0,0.0,3.36
935,8.846573244370376,65.01993837740045,kavaratti,in,81.88,100.0,88.0,8.05
938,-7.473340584688131,156.2222922194424,buin,pg,62.6,45.0,0.0,3.36
943,27.508017537229108,138.27719773945438,shingu,jp,73.4,94.0,75.0,21.92
944,-19.070066081444494,132.5102796364714,katherine,au,86.0,25.0,0.0,13.87
953,-9.410459398029417,-81.75549063787423,chicama,pe,62.6,88.0,90.0,9.17
954,12.221534351270037,-96.95767831630425,pochutla,mx,84.2,70.0,90.0,3.36
955,15.636510644236353,74.34231654121822,khanapur,in,70.54,94.0,56.0,1.45
957,51.62516372301508,107.10260093029154,ivolginsk,ru,50.0,76.0,40.0,4.47
958,3.825169068048936,93.51963558194899,banda aceh,id,80.89,79.0,88.0,1.68
964,2.925035452389082,101.59274323441173,jenjarom,my,79.7,83.0,75.0,3.36
968,8.865240394568474,120.5472529967156,osmena,ph,82.15,100.0,48.0,7.38
969,-21.460295987831287,-27.0361316612331,caravelas,br,73.6,100.0,0.0,11.3
971,54.30219424642368,95.35379828428944,aginskoye,ru,59.38,77.0,36.0,7.27
974,5.337070375342492,-53.97143206638145,albina,sr,75.85,90.0,24.0,2.35
975,-8.680545368797695,-30.534477022869794,olinda,br,75.2,73.0,40.0,12.75
977,26.043675398821065,66.0249063374064,bela,pk,70.9,90.0,44.0,3.02
978,59.195822048260396,80.67264024341466,kargasok,ru,41.47,100.0,92.0,7.16
979,6.663659840190576,128.74724087202168,santiago,ph,62.6,45.0,0.0,3.36
986,62.06882056222105,-61.02794357746349,pangnirtung,ca,34.18,96.0,32.0,5.93
988,7.2453028611341495,89.33644637970292,port blair,in,81.7,100.0,36.0,7.49
991,-27.304700217653938,46.28424803640311,ambovombe,mg,67.66,80.0,8.0,7.16
1000,40.17471355393732,70.9123793969681,batken,kg,71.89,31.0,0.0,3.24
1009,8.702482870626952,-60.73347862136845,mabaruma,gy,76.75,98.0,20.0,4.36
1012,31.374043262594014,-96.37146986610712,bryan,us,75.58,88.0,90.0,4.7
1013,46.81835815495418,126.87287938905007,suihua,cn,65.23,76.0,12.0,11.52
1017,44.90982223379851,-116.8812057943875,weiser,us,84.02,18.0,1.0,3.36
1022,57.05624016347076,-128.5458417707052,terrace,ca,55.4,87.0,75.0,6.93
1023,61.90157188187678,10.18462292997637,folldal,no,47.05,96.0,92.0,11.74
1024,51.18310400540744,-130.2890986417762,port hardy,ca,59.0,82.0,90.0,12.75
1025,22.217905921223988,-102.37614529278203,pabellon de hidalgo,mx,66.2,68.0,75.0,3.02
1027,-16.287032781450193,-147.0120830892148,tautira,pf,84.2,58.0,20.0,5.82
1028,-14.88334514941377,-49.130572852751385,uruacu,br,65.23,53.0,0.0,5.82
1030,27.188982299531688,-101.34680345387446,san buenaventura,mx,67.75,100.0,100.0,3.24
1039,20.552182130250614,-92.12876455642376,seybaplaya,mx,77.0,88.0,40.0,8.05
1046,24.48936259976348,-48.23979795923188,codrington,ag,68.56,60.0,0.0,5.14
1054,22.109796950883677,53.52966821205899,abu dhabi,ae,87.8,66.0,8.0,5.82
1055,64.96741542819225,-56.35526031855048,sisimiut,gl,34.36,100.0,88.0,2.35
1056,71.41934981331198,71.3403661335596,yar-sale,ru,38.32,100.0,0.0,22.37
1059,29.20206694993388,36.02555857743366,tabuk,sa,78.55,82.0,32.0,1.68
1061,11.788039417975398,45.29892285544793,aden,ye,84.13,94.0,0.0,10.63
1063,50.38753811887764,124.97580112184346,nenjiang,cn,60.19,83.0,0.0,9.73
1066,13.696192170284661,12.513343951805922,diffa,ne,73.96,89.0,64.0,8.16
1069,14.11870269523898,-60.31772767668845,dennery,lc,81.07,100.0,56.0,9.62
1073,-38.94484265190475,-64.31524868525754,bahia blanca,ar,50.92,80.0,80.0,10.74
1077,62.53659962318457,-22.551112953232092,grindavik,is,46.51,93.0,40.0,6.93
1078,1.1255832168564837,160.97565411214907,kieta,pg,79.18,100.0,80.0,4.36
1085,70.44812962086286,141.3886904852434,deputatskiy,ru,50.56,97.0,92.0,3.91
1086,22.62097425144475,78.87260942958,chichli,in,74.95,100.0,68.0,6.38
1091,25.35798877566748,130.7700964850149,nago,jp,61.07,88.0,0.0,4.7
1092,41.05078723245137,9.929389911516495,olbia,it,71.6,88.0,0.0,2.24
1093,6.4948544703329105,-94.15097804910312,champerico,gt,77.0,78.0,90.0,9.17
1095,-27.54251537455189,-60.04097130787842,presidencia roque saenz pena,ar,69.01,55.0,0.0,11.97
1097,16.28640420069945,-50.78757530101768,bathsheba,bb,82.4,78.0,20.0,10.29
1100,44.49115482314977,-94.42638964458766,new ulm,us,62.33,59.0,1.0,8.05
1101,34.29015625131848,29.35361521624111,lardos,gr,77.0,73.0,20.0,4.7
1107,86.63952989994306,158.44840886570358,cherskiy,ru,61.9,44.0,0.0,12.19
1114,-4.381786231506098,166.2535402711079,lata,sb,61.45,93.0,32.0,1.12
1130,38.87219607502695,110.35732803617259,dongsheng,cn,74.23,69.0,92.0,8.28
1131,2.6531754752187737,78.17658227484907,galle,lk,75.63,87.0,75.0,8.05
1135,29.813943719865236,-66.28137830648282,hamilton,bm,80.6,78.0,40.0,3.36
1151,-22.81836341458653,-95.05694881576571,pisco,pe,62.6,82.0,90.0,13.87
1152,-4.136666063915058,6.471331969487437,omboue,ga,75.76,100.0,68.0,8.84
1154,48.340636267007056,-122.29881383537554,mount vernon,us,61.02,93.0,90.0,4.7
1157,61.844771666448935,129.25977549405036,magan,ru,35.6,96.0,40.0,13.42
1162,-5.303365579761916,113.79820047593597,sumenep,id,82.42,92.0,8.0,10.74
1163,36.61583845923836,-118.48805899500314,exeter,us,53.71,93.0,64.0,8.39
1165,33.30246692729257,66.15611776957579,uruzgan,af,47.86,55.0,0.0,1.79
1170,34.7810735750149,105.94951734826361,beidao,cn,59.92,77.0,64.0,7.16
1171,-10.516436274256364,126.54918537526157,atambua,id,87.28,69.0,0.0,3.58
1172,-38.281102638536915,-38.463484312762915,laguna,br,87.8,58.0,20.0,8.05
1175,2.6621185750258576,80.37115285238264,matara,lk,38.86,69.0,0.0,2.01
1177,-24.476293588267097,159.07524699387938,hervey bay,au,71.35,82.0,0.0,6.71
1178,14.923729192331734,86.74902096474017,narasannapeta,in,79.18,89.0,80.0,4.03
1182,0.520114451918019,-81.02756542196833,muisne,ec,71.44,96.0,48.0,3.02
1183,39.01393859679547,-95.65405377890568,topeka,us,67.53,68.0,1.0,3.36
1185,-7.351952520427787,119.14542639235975,bima,id,87.91,60.0,0.0,2.8
1186,27.00916243734943,52.99715380575245,gerash,ir,75.2,50.0,0.0,2.13
1187,32.386520487166564,-95.80338476662773,athens,us,72.1,100.0,90.0,4.92
1188,43.95967091232322,-117.89224808439087,baker city,us,80.06,26.0,1.0,8.05
1190,22.356656805639986,104.33487900499557,lao cai,vn,72.16,77.0,0.0,1.9
1191,11.827369172531803,113.66243503871846,nha trang,vn,83.95,87.0,0.0,2.8
1193,63.43404989767336,9.822266033649584,brekstad,no,62.67,72.0,75.0,23.04
1196,27.502012516453064,-17.32150251993403,adeje,es,73.24,98.0,92.0,3.13
1197,18.299613527090926,83.11954388679203,salur,in,79.09,90.0,44.0,2.68
1203,-28.276462186532918,-63.13339451081163,santiago del estero,ar,74.68,36.0,12.0,13.53
1205,65.74871881389501,23.422957893221337,tornio,fi,52.32,93.0,90.0,6.93
1210,27.972123435256975,-27.197929435224466,los llanos de aridane,es,71.6,78.0,44.0,16.11
1219,3.074646509167934,39.39225427487423,moyale,ke,65.68,93.0,92.0,6.93
1220,-18.078292579884845,-25.609163826995882,maceio,br,73.4,88.0,75.0,9.17
1221,20.128303388325463,17.166920595020798,faya,td,66.2,63.0,0.0,2.13
1223,21.601274249211073,97.4847411345475,taunggyi,mm,72.88,90.0,12.0,3.47
1226,66.04244822089811,12.14805575537676,sandnessjoen,no,60.8,63.0,8.0,21.92
1227,67.12601222096083,-16.32283116222058,husavik,is,68.11,64.0,44.0,8.16
1229,24.157896684794935,22.657627054034407,jalu,ly,75.13,40.0,0.0,9.06
1230,58.382853202377675,-178.84934060443695,egvekinot,ru,63.79,73.0,12.0,3.58
1235,66.03378025588711,60.763229483172296,verkhnyaya inta,ru,35.44,100.0,68.0,3.36
1239,50.782062288689474,-178.784675732651,provideniya,ru,57.2,71.0,0.0,8.95
1240,-21.870054541877607,-58.650388027587596,san lazaro,py,79.47,78.0,40.0,6.93
1241,40.7000428381572,38.70839431527361,giresun,tr,58.48,100.0,92.0,1.12
1246,47.80962887718056,138.200654266909,svetlaya,ru,57.49,100.0,0.0,3.91
1254,64.24246233554015,40.7393702719439,katunino,ru,39.2,100.0,20.0,2.24
1256,46.05509118365174,-31.118871652174533,lagoa,pt,73.4,56.0,0.0,6.93
1260,-19.074561109294066,3.375308336065757,namibe,ao,63.16,100.0,92.0,3.58
1263,26.587457698145386,13.36721493630219,awbari,ly,68.38,28.0,0.0,2.57
1265,55.81603038187612,-140.6591789215144,sitka,us,64.6,77.0,12.0,8.72
1267,10.351292240662318,74.8988491326918,ponnani,in,75.2,83.0,20.0,2.24
1268,-15.980265854046763,40.12186236864002,angoche,mz,75.13,100.0,56.0,12.75
1269,-4.195876004479317,152.66558019832405,kokopo,pg,82.96,100.0,44.0,3.13
1281,13.332021875723427,124.33444904453643,rapu-rapu,ph,84.67,98.0,12.0,3.36
1282,-38.698960329335755,-53.20604314632783,maldonado,uy,55.4,82.0,0.0,14.99
1283,-6.075673707504208,112.975704547953,bangkalan,id,86.29,74.0,0.0,5.03
1286,-20.19270308815868,155.64271385043372,gladstone,au,78.64,41.0,0.0,7.38
1288,55.304144226196144,-1.3767791063977484,blyth,gb,51.62,71.0,20.0,10.29
1289,61.55807095406814,-119.17604701423387,hay river,ca,48.2,57.0,40.0,3.36
1294,-40.03228309513386,150.34006766963972,lakes entrance,au,61.09,73.0,0.0,3.69
1296,51.933436961090194,52.861489587670036,tashla,ru,53.6,66.0,0.0,8.84
1297,53.74779324833307,68.35823315159564,sergeyevka,kz,45.61,86.0,80.0,9.73
1300,46.92279648641912,83.33407605593175,zaysan,kz,51.91,79.0,0.0,3.47
1302,-14.020944333672375,152.9295106794757,samarai,pg,77.56,100.0,88.0,19.69
1305,57.58969368896504,79.20836693039791,kedrovyy,ru,51.8,87.0,40.0,8.95
1310,-49.369902319238435,24.16167042744894,plettenberg bay,za,54.25,100.0,24.0,5.93
1313,67.55387085616695,85.00092990238068,igarka,ru,41.65,97.0,92.0,9.95
1314,64.39099524347691,13.613083553967357,trofors,no,60.8,63.0,8.0,21.92
1315,7.7036964896528985,-79.69565837790351,pedasi,pa,81.43,100.0,8.0,1.01
1320,29.14261807006676,100.69680337551239,xichang,cn,56.5,100.0,92.0,1.68
1324,17.622740891088554,10.267334069484662,agadez,ne,70.72,85.0,24.0,2.68
1331,49.24140572035316,-74.09033214819739,chapais,ca,42.8,70.0,1.0,7.27
1332,41.516345221749816,-117.26355276015192,winnemucca,us,82.94,3.0,1.0,5.82
1334,52.99516318835563,122.65178200960548,urusha,ru,54.43,53.0,0.0,3.58
1335,59.26840567987489,3.9866653962553187,holme,no,54.84,93.0,92.0,5.82
1336,17.210900582036842,45.26272549114461,najran,sa,82.4,38.0,0.0,3.13
1340,17.9534545586302,78.76015077372756,siddipet,in,82.06,66.0,56.0,3.58
1343,-29.756253234259916,171.69534042435004,ahipara,nz,55.96,100.0,92.0,15.99
1357,-22.51367393161766,151.64740396607027,yeppoon,au,78.8,15.0,0.0,8.05
1359,42.24093587075487,99.80428844254527,jiuquan,cn,62.53,38.0,0.0,7.61
1361,38.32201059622986,-104.73658545235621,pueblo,us,74.91,27.0,1.0,9.17
1366,17.23386702985634,-99.04783198861752,quechultenango,mx,65.41,94.0,68.0,1.9
1368,-8.370600649424176,28.180565073649234,nchelenge,zm,62.26,99.0,32.0,2.8
1374,1.1058675558027034,51.917707640609535,hobyo,so,75.85,90.0,92.0,15.32
1384,-8.570912273682168,120.0515428208306,ruteng,id,86.38,52.0,0.0,2.24
1387,51.113774117008205,99.79974919868863,orlik,ru,38.68,81.0,80.0,2.57
1388,0.9458242318311392,-13.659114640493584,monrovia,lr,77.0,94.0,75.0,3.36
1399,29.947684527708304,-91.02799206501875,thibodaux,us,80.06,90.0,1.0,6.15
1401,6.820164505108906,75.34247634674051,funadhoo,mv,83.05,100.0,100.0,6.49
1402,-28.589250129737287,173.17440542206742,kaeo,nz,55.15,100.0,92.0,13.87
1404,-6.73155293179002,8.403624496133773,cabinda,ao,72.43,100.0,100.0,2.01
1405,3.855936241948328,20.13875855577615,bosobolo,cd,71.62,96.0,68.0,6.15
1410,44.346916737827115,-108.92247068137021,cody,us,69.08,35.0,1.0,6.93
1414,47.401155135889894,-120.58773393556739,wenatchee,us,77.36,23.0,1.0,5.82
1417,48.806423275442796,-1.0511796792553696,vire,fr,55.4,93.0,0.0,3.36
1427,-47.85991265209854,173.08415054861234,dunedin,nz,49.48,82.0,64.0,4.25
1428,42.33000708058273,-74.98875146055592,oneonta,us,55.06,66.0,92.0,6.6
1431,61.51598959029707,15.447169711172393,bollnas,se,54.34,91.0,12.0,6.6
1433,-16.187595459939644,170.53870582579572,vila,vu,68.02,88.0,40.0,10.29
1435,12.446327030984875,-83.33067929697434,laguna de perlas,ni,80.17,100.0,88.0,8.39
1436,66.69094588603897,171.63237486200615,komsomolskiy,ru,30.85,81.0,20.0,4.7
1445,-40.99648444599213,-65.67043724970176,puerto madryn,ar,48.94,88.0,0.0,14.88
1448,29.390360828137943,96.1317201920935,tezu,in,67.39,100.0,92.0,0.56
1449,55.37983739229273,119.62845332905056,tupik,ru,52.45,57.0,0.0,3.58
1454,48.38677795059502,97.99706581126281,kungurtug,ru,41.74,79.0,32.0,6.71
1456,5.7694399199810675,118.46595153199968,taganak,ph,86.0,74.0,75.0,3.36
1460,54.88285942865048,-6.693320381644099,coleraine,gb,54.66,76.0,40.0,16.11
1461,-5.176312622380806,-25.811502257366698,cabedelo,br,73.4,94.0,0.0,8.05
1463,-32.09872178849828,141.5416527522438,broken hill,au,73.96,46.0,0.0,4.81
1468,32.14691213805739,38.435911275697265,turayf,sa,69.8,68.0,0.0,5.82
1473,52.88766492353403,76.78856547966836,pavlodar,kz,53.6,93.0,75.0,6.71
1482,-0.0889546384674702,104.83738699339517,kijang,id,75.2,60.0,40.0,13.87
1488,43.367219156984845,-76.77566577759438,oswego,us,65.93,91.0,90.0,7.16
1498,-28.89956653282593,19.235934829133896,warmbad,na,51.75,87.0,12.0,3.36
